id,owner,name,stars,url,business_model
614765452,Significant-Gravitas,AutoGPT,178788,https://github.com/Significant-Gravitas/AutoGPT,"Use **autonomous agents**, **task automation**, and extensible **plugin** integrations to build commercially scalable SaaS, automated services, marketplace products, and monetizable workflow solutions via **prompt engineering**."
527591471,AUTOMATIC1111,stable-diffusion-webui,157018,https://github.com/AUTOMATIC1111/stable-diffusion-webui,"Provides a production-ready **AI-image** web UI with **custom-models**, **batch-processing**, **plugins**, and exportable **commercial-assets**, enabling rapid monetization via services, prints, licensing, merchandise, marketplaces, subscriptions, ads, API-integrations."
658928958,ollama,ollama,153364,https://github.com/ollama/ollama,"Deploy and monetize private **LLMs** locally or in enterprise: run **gpt-oss**, **DeepSeek-R1**, **Gemma** **3** for low-cost inference, API integration, scaling, billing, analytics, and fine-tuning capabilities."
155220641,huggingface,transformers,150504,https://github.com/huggingface/transformers,"Leverages **pretrained** **NLP**, **vision**, **audio**, and **multimodal** models to build, fine-tune, deploy, monetize APIs, SaaS, analytics, automation, and licensing revenue streams, rapidly scale enterprise-grade solutions."
193215554,n8n-io,n8n,143678,https://github.com/n8n-io/n8n,"Leverage the **visual** workflow builder, **native AI**, and **400+ integrations** to automate processes, create **SaaS** products, sell automations, offer managed integrations, and upsell **analytics services**."
574523116,f,awesome-chatgpt-prompts,143314,https://github.com/f/awesome-chatgpt-prompts,"Curated **ChatGPT prompts** library enables productization with community **templates**, self hosted **privacy** for enterprises, unlocking **SaaS**, training, consulting, content, API, sales, and partnership revenue opportunities."
552661142,langchain-ai,langchain,116508,https://github.com/langchain-ai/langchain,"Accelerates monetization by enabling **LLM**-powered **agents**, reusable **chains**, **retrieval**, **embeddings**, **vector-stores**, connectors, **memory**, monitoring and orchestration for **SaaS** automated workflows, analytics, billing integration, rapid prototyping."
626805178,langgenius,dify,115585,https://github.com/langgenius/dify,"Monetize AI workflows with a production-ready platform for building, automating and orchestrating agentic pipelines, offering **scalable**, **integratable**, **low-code**, **monitorable** and **extensible** capabilities across industries globally"
701547123,open-webui,open-webui,111356,https://github.com/open-webui/open-webui,"Offers a **user-friendly** interface for **OpenAI**/**Ollama** and local models, enabling rapid **prototyping**, **deployment**, **self-hosting**, extensions, monetizable **apps**, automation, and **APIs**, white-labeling, scaling, customization, integrations, revenue."
589831718,comfyanonymous,ComfyUI,89754,https://github.com/comfyanonymous/ComfyUI,"Turn a **modular** diffusion GUI with **graph/nodes** workflows and **API**/backend into revenue via custom pipelines, automated content generation, SaaS imaging tools, and plugin integration marketplaces."
214587193,supabase,supabase,89361,https://github.com/supabase/supabase,"Monetize apps using **Postgres**, auto-generated **APIs**, **auth**, **realtime**, **storage**, billing, analytics, and integrations to build scalable web, mobile, and **AI** services with low code workflows."
943398999,x1xhlol,system-prompts-and-models-of-ai-tools,89053,https://github.com/x1xhlol/system-prompts-and-models-of-ai-tools,"Curated **system prompts** and **AI models** accelerate productization of developer tools, enabling rapid **automation**, improved **code productivity**, and new **SaaS** and consulting revenue streams."
968197216,google-gemini,gemini-cli,87636,https://github.com/google-gemini/gemini-cli,"Open-source **Gemini** **CLI** agent enabling automated terminal workflows, rapid prototyping, API integrations, customer-facing automations and productivity tools to monetize via SaaS, consulting, or plugins, subscriptions."
10744183,netdata,netdata,76259,https://github.com/netdata/netdata,"Delivers real-time **monitoring**, AI-driven **anomaly detection**, lightweight **metrics collection**, scalable **dashboards**, and alerting to reduce downtime, cut costs, and monetize observability via SaaS packaging models."
695864515,hacksider,Deep-Live-Cam,73624,https://github.com/hacksider/Deep-Live-Cam,"Monetize **real-time** **face-swap** and **one-image** deepfakes by offering personalized entertainment, virtual try-ons, influencer content, live-stream integrations, licensing, and subscription-based APIs, white-label solutions, scalable API monetization."
881458615,browser-use,browser-use,70709,https://github.com/browser-use/browser-use,"Leverage **browser automation**, **web scraping**, and **AI agents** to create monetizable products: automated lead generation, data extraction, testing pipelines, SaaS workflow automation, subscriptions, and integrations."
643445235,lobehub,lobe-chat,66142,https://github.com/lobehub/lobe-chat,"Monetize private AI agents using **multi-provider** models, **RAG** knowledge bases, one-click **deployment**, MCP **marketplace**, artifact sharing, analytics, and white-label commercialization tools, subscriptions, API sales, licensing."
730534580,infiniflow,ragflow,65405,https://github.com/infiniflow/ragflow,"Integrates **RAG** with **agent** orchestration to deliver scalable, searchable, fine-tuned context layers enabling fast monetizable products: semantic search, chatbots, knowledge workflows, analytics, customer engagement automation."
771302083,All-Hands-AI,OpenHands,63895,https://github.com/All-Hands-AI/OpenHands,"Provides **low-code** AI **models**, reusable **templates**, production **pipelines**, and deployment **tools** to accelerate productization, reduce costs, and increase revenue via rapid AI offerings commercially scalable."
787076358,firecrawl,firecrawl,60748,https://github.com/firecrawl/firecrawl,"Provides a scalable **Web Data API** to convert entire websites into **LLM-ready** markdown and **structured data**, enabling rapid productization, search, analytics, and recurring revenue monetization."
646410686,hiyouga,LLaMA-Factory,59594,https://github.com/hiyouga/LLaMA-Factory,"Enables **fine-tuning** for 100+ LLMs and VLMs, enabling rapid **customization** and **deployment** for scalable **SaaS** products, proprietary-model creation, consulting, dataset monetization, faster go-to-market, lower costs."
599547518,vllm-project,vllm,59265,https://github.com/vllm-project/vllm,"Provides **high-throughput**, **memory-efficient** LLM **inference** and **serving** with scalable batching, reduced GPU costs, low latency, deployment to monetize AI services via SaaS APIs and integrations."
660551251,FoundationAgents,MetaGPT,58784,https://github.com/FoundationAgents/MetaGPT,"Automates **multi-agent** workflows to build and operate revenue-generating **SaaS** products, accelerate go-to-market, cut costs, and deliver monetizable **AI** services at scale with minimal developer overhead."
634224458,AntonOsika,gpt-engineer,54911,https://github.com/AntonOsika/gpt-engineer,"Command-line **codegen** platform enabling rapid **prototype** creation, reproducible **automation**, customizable **templates**, and enterprise **APIs** integration to accelerate productization and generate recurring revenue from AI tools."
130688011,meilisearch,meilisearch,53437,https://github.com/meilisearch/meilisearch,"**Lightning-fast** and **AI-powered hybrid search** API accelerates site/app relevance, measurably boosts conversions, personalizes experiences, increases retention, and enables monetization through analytics, scalability, and easy integrations."
680120071,microsoft,autogen,50340,https://github.com/microsoft/autogen,"Monetize via **agentic AI**: build scalable **automation** products, deploy customizable **AI agents** for enterprise workflows, accelerate time-to-market, reduce operating costs, and capture recurring revenue streams."
943934999,FoundationAgents,OpenManus,50102,https://github.com/FoundationAgents/OpenManus,"Open-source multi-agent AI toolkit enabling rapid development of autonomous content, automation, and SaaS products for monetization through **APIs**, **plugins**, **workflows**, **scalable**, **cloud** **integrations** to monetize."
649170660,Mintplex-Labs,anything-llm,49596,https://github.com/Mintplex-Labs/anything-llm,"Turn a local or Docker deployment into revenue by deploying **RAG**, scalable **AI agents**, a **No-code** agent builder, and **MCP**-compatible integrations for monetized apps and subscriptions"
725205304,unslothai,unsloth,46395,https://github.com/unslothai/unsloth,"Enable profitable LLM services by offering **fine-tuning**, **reinforcement learning**, and multi-model support, delivering **2x faster** training, **70% VRAM** savings, and cheaper deployment for SaaS startups."
44662669,dbeaver,dbeaver,45607,https://github.com/dbeaver/dbeaver,"Leverage **database** connectivity, visual **SQL** editing, cross-platform **connectors**, automation and plugin extensibility to offer paid integrations, managed services, training, and enterprise support, subscriptions, consulting, licensing."
560704231,run-llama,llama_index,44530,https://github.com/run-llama/llama_index,"Enable LLM-powered products to monetize proprietary data through **RAG**, **agents**, **connectors**, semantic search, summarization, analytics, automated workflows, personalization, with low-code integration and scalable production deployments."
974186260,sansan0,TrendRadar,44278,https://github.com/sansan0/TrendRadar,"Monetize real-time **trend** and **sentiment** insights with multi-platform aggregation, AI summaries, smart alerts, automated translation, and omnichannel push for targeted marketing, compliance, and risk detection"
621803253,FlowiseAI,Flowise,44071,https://github.com/FlowiseAI/Flowise,"Visually design and deploy **AI agents** with **low-code** workflows, LLM connectors, automated integrations, and monitoring to monetize via **SaaS**, productivity savings, and **consulting** subscription fees."
770153867,harry0703,MoneyPrinterTurbo,43982,https://github.com/harry0703/MoneyPrinterTurbo,"Automate scalable content production with **AI** one‑click generation of **HD short videos** to drive ads, affiliate sales, subscriptions, and rapid social-media monetization, brand partnerships, analytics"
422274596,hpcaitech,ColossalAI,41189,https://github.com/hpcaitech/ColossalAI,"Leverage **scalable** distributed training, **memory/compute optimizations**, and **modular pipelines** to reduce costs, accelerate model development, enable faster deployment, and commercialize large AI services profitably globally."
668195240,pathwaycom,llm-app,40864,https://github.com/pathwaycom/llm-app,"Monetize quickly by deploying Docker-ready scalable templates for **RAG**, AI pipelines and **enterprise search** that sync live data across SharePoint, Google Drive, S3, Kafka, PostgreSQL."
656099147,mem0ai,mem0,40704,https://github.com/mem0ai/mem0,"Provides a **local**, **secure** universal memory layer for AI agents, enabling personalized experiences, compliance, scalable SaaS products, faster development, and monetizable privacy-preserving recurring revenue features."
826168160,docling-project,docling,40150,https://github.com/docling-project/docling,"Convert, clean, and structure documents for generative AI workflows to enable **semantic** search, fast **vectorization**, automated ingestion, analytics, and monetizable AI-powered products, APIs, enterprise integration."
519577891,upscayl,upscayl,40010,https://github.com/upscayl/upscayl,"Monetize a free open-source AI image upscaler by offering white-label **SaaS**, **plugin** integrations, paid **restoration**, bulk **e-commerce** enhancement, and premium **freelance** services for agencies worldwide."
522158088,zhayujie,chatgpt-on-wechat,39247,https://github.com/zhayujie/chatgpt-on-wechat,"Launch monetizable **WeChat** and enterprise chatbots with **multi-model** **multimodal** capabilities, OS/internet access, automated workflows, analytics, and **custom knowledgebase** integration to deliver scalable AI customer support."
71932349,ray-project,ray,39160,https://github.com/ray-project/ray,"Use Ray’s **distributed** runtime, **autoscaling**, and AI libraries for **serving**, **tuning**, and **multi-GPU** training to accelerate production ML, rapidly and cost-effectively monetize scalable AI services."
710601088,crewAIInc,crewAI,38706,https://github.com/crewAIInc/crewAI,"Turn **autonomous agents** and **orchestration** into collaborative, scalable AI workflows that enable productized automation, reduce costs, create recurring revenue, and accelerate market delivery at scale"
624994625,suno-ai,bark,38550,https://github.com/suno-ai/bark,"Enables high-quality **text-to-audio** generation for scalable **voiceovers**, **TTS**, ads, podcasts, audio branding, and games, with **customizable voices**, fast inference, **integration-ready APIs** enterprise **white-label deployment options**."
640079149,QuivrHQ,quivr,38478,https://github.com/QuivrHQ/quivr,"Opinionated **RAG** platform enabling rapid **GenAI** integration with any **LLM**, **vectorstore** (PGVector/Faiss), files, **customization**, low-code **deployment**, analytics, APIs, scaling, white-label branding, subscriptions and SaaS monetization."
119160553,photoprism,photoprism,38462,https://github.com/photoprism/photoprism,"Self-hosted **AI** photo management enables monetizable **SaaS**, **managed** **hosting**, premium **search**, **tagging**, privacy-focused **enterprise** solutions, API integrations, storage subscriptions, and marketplace add-ons, white-label support analytics."
679506386,menloresearch,jan,38053,https://github.com/menloresearch/jan,"Run a fully **offline**, privacy-first conversational AI locally, enabling **low-cost** deployment, **customization** and white-labeling for paid apps, services, and enterprise **integrations**, subscription monetization and support."
806709826,2noise,ChatTTS,37908,https://github.com/2noise/ChatTTS,"Provides **real-time** generative **TTS** for natural dialogue, enabling **SaaS** voice assistants, IVR, audiobooks, accessibility, **multilingual** outputs, low-latency APIs, monetizable **voice-cloning**, customization, analytics, subscriptions and integrations"
208728772,milvus-io,milvus,37728,https://github.com/milvus-io/milvus,"Leverage a **high-performance** **cloud-native** **vector** database for **scalable** **ANN** search and **embedding** similarity to monetize semantic search, recommendations, and AI-powered retrieval via SaaS APIs products."
393571599,babysor,MockingBird,36673,https://github.com/babysor/MockingBird,"Monetize by offering **real-time** voice cloning and **TTS** services, enabling scalable **voiceovers**, personalized **ads**, audiobooks, IVR, and creator monetization pipelines, subscription, licensing, and API integrations."
143328315,mindsdb,mindsdb,36219,https://github.com/mindsdb/mindsdb,"Monetize data by deploying an **AI analytics** engine that **answers** queries, builds **predictions**, automates insights, integrates databases, and productionizes ML for stable recurring product revenue."
621799276,chatchat-space,Langchain-Chatchat,36171,https://github.com/chatchat-space/Langchain-Chatchat,"Enables building **RAG** powered **agent** applications with local LLMs (ChatGLM, Qwen, Llama) for monetizable products: search, chatbots, knowledge apps, automation, subscription, enterprise, and API revenue."
615869301,mudler,LocalAI,35579,https://github.com/mudler/LocalAI,"Monetize self-hosted **LLM** capabilities by selling low-cost, privacy-focused **SaaS** APIs, on-prem **inference**, multimodal generation (text, audio, images, video), voice-cloning, and enterprise integrations, subscription, support, consulting."
624681066,reworkd,AgentGPT,35297,https://github.com/reworkd/AgentGPT,"Deploy browser-based autonomous AI agents to automate workflows, launch monetizable **SaaS** products, offer **automation** services, build subscription revenue, and rapidly scale globally low-cost **agent** solutions."
783512367,RSSNext,Folo,34549,https://github.com/RSSNext/Folo,"Aggregates feeds and social posts into a unified stream for **content aggregation**, enabling **audience growth**, **monetization** via **subscriptions**, **ads**, **newsletters**, and actionable **lead generation analytics**"
488641606,agno-agi,agno,34010,https://github.com/agno-agi/agno,"**High-performance** **multi-agent** **runtime** to build, deploy, and manage **secure**, **scalable** cloud agents, enabling rapid SaaS productization, orchestration, automation, and enterprise monetization APIs, observability, cost-optimized ops."
805155266,CherryHQ,cherry-studio,33747,https://github.com/CherryHQ/cherry-studio,"Desktop client unifying **multiple LLM providers** for rapid prototyping, workflow automation, API integrations, **plugin monetization**, enterprise deployments to generate **recurring revenue** and actionable analytics insights."
738733003,danielmiessler,Fabric,33659,https://github.com/danielmiessler/Fabric,"Offers a **modular** AI prompt framework to **augment** human workflows with **crowdsourced** templates, enabling rapid productization, automation, and scalable revenue streams across industries via **APIs**."
679237742,Pythagora-io,gpt-pilot,33423,https://github.com/Pythagora-io/gpt-pilot,"Autonomous **AI developer** automating coding, testing, deployment, and integration to accelerate product delivery, reduce engineering costs, and enable recurring revenue-driving SaaS, subscriptions, support, partnerships, growth."
21467110,explosion,spaCy,32567,https://github.com/explosion/spaCy,"Monetize **NLP** via production-ready **pipelines**, pretrained **models**, fast **processing**, and extensible **integrations** for automation, analytics, search, conversational commerce, personalization, and enterprise deployment securely at scale."
612640604,mckaywrigley,chatbot-ui,32401,https://github.com/mckaywrigley/chatbot-ui,"Open-source **chat** UI for any model enabling **self-hosted** deployment, **multi-model** integration, branding, customization, analytics hooks, payments support, subscriptions, API access, scaling, and rapid monetizable productization."
955620917,upstash,context7,32191,https://github.com/upstash/context7,"Provides **LLM-integrated** **live code documentation** and **AI editor** tooling to monetize via paid docs-as-a-service, developer SaaS, plugins, enterprise licensing, analytics, support, subscription, usage-based onboarding services."
614764248,TabbyML,tabby,32166,https://github.com/TabbyML/tabby,"Monetize a **self-hosted** **AI coding assistant** through enterprise **subscriptions**, private **deployment**, developer integrations, white-label licensing, fine-tuning, support, analytics, IDE plugins, API access, usage-based billing, consulting."
1198539,lutzroeder,netron,31492,https://github.com/lutzroeder/netron,"Interactive **model** and **neural network** **visualizer** across major frameworks, accelerating **debugging**, **explainability**, demos, integrations, SaaS workflows, and developer tools to monetize AI products and services"
396569538,khoj-ai,khoj,31222,https://github.com/khoj-ai/khoj,"Monetize by deploying a **self-hostable** platform that runs **autonomous** LLMs, builds **custom** agents, schedules **automations**, conducts deep **research**, and sells LLM-powered services for businesses globally."
600596928,danny-avila,LibreChat,30478,https://github.com/danny-avila/LibreChat,"Self-hosted platform offers flexible **AI model switching**, **agents**, **Code Interpreter**, **DALL-E-3**, **OpenAPI Actions**, **multi-user auth**, and integrations to commercialize AI services via subscription, APIs, consulting."
178626720,Lightning-AI,pytorch-lightning,30193,https://github.com/Lightning-AI/pytorch-lightning,"Enable rapid **pretraining** and **finetuning** of any model at scale on **GPUs/TPUs** with **zero‑code** changes, accelerating productization, reducing engineering costs, and maximizing **ML-driven** recurring revenue."
1042367133,github,spec-kit,29626,https://github.com/github/spec-kit,"Helps teams monetize faster by adopting **spec-driven development**, automating **tests**, improving **quality**, accelerating **delivery**, reducing **bugs**, and boosting **developer productivity**, rapidly reducing churn, increasing revenue."
671269505,BerriAI,litellm,29450,https://github.com/BerriAI/litellm,"Unified **Python SDK** and **LLM Gateway** proxy converting 100+ vendor APIs to **OpenAI** format, enabling multi-vendor integration, cost optimization, revenue growth, and scalable **AI monetization**."
644686905,continuedev,continue,29136,https://github.com/continuedev/continue,"Monetize developer workflows by deploying **Continuous** **AI** **agents** across **IDE**, **terminal**, and **CI**, automating routine tasks, accelerating delivery, reducing costs, and driving predictable revenue growth."
772699441,meta-llama,llama3,28998,https://github.com/meta-llama/llama3,"Official repository offers **state-of-the-art** **LLM** models enabling **fine-tuning**, scalable **deployment**, low-latency **inference**, **API** and **plugin** integration, **enterprise** features, **security**, analytics, SaaS-ready cost-optimization, monetization and revenue-generation."
784181462,ItzCrazyKns,Perplexica,28470,https://github.com/ItzCrazyKns/Perplexica,"Use this **AI** powered **answering** engine to build scalable **SaaS**, monetize via subscriptions, enterprise **API** integrations, automated **customer** support, and knowledge monetization for lead-generation analytics."
778431525,microsoft,graphrag,28433,https://github.com/microsoft/graphrag,"Leverage **modular** **graph-based** **RAG** to build **retrieval**-driven, **scalable**, integration-ready knowledge platforms for search, personalization, automation, analytics, APIs and premium monetization with enterprise support and connectors."
855528273,voideditor,void,27145,https://github.com/voideditor/void,"Lightweight **extensible** cross-platform **code** editor with fast performance, **plugins**, collaboration, and CLI integration; monetize through enterprise licensing, plugin marketplace, hosted services, and support, training, consulting."
607289185,microsoft,semantic-kernel,26319,https://github.com/microsoft/semantic-kernel,"Use this **SDK** to integrate **LLMs**, build **agents** and **retrieval-augmented** apps, monetize AI-driven products like **chatbots**, analytics, subscriptions, licensing, enterprise APIs, automation, and workflows, scaling."
167694194,blakeblackshear,frigate,26202,https://github.com/blakeblackshear/frigate,"Monetize an **edge** **NVR** with **realtime** **object-detection** for IP cameras by selling privacy-focused monitoring, analytics subscriptions, installation, alerts, secure storage, APIs, and white-label enterprise integrations."
605673387,labring,FastGPT,25952,https://github.com/labring/FastGPT,"Use **LLMs** with built-in **RAG**, **processing**, and **visual** workflows to quickly build, deploy, and monetize profitably scalable, customizable question-answering solutions without heavy setup or maintenance."
762304524,ComposioHQ,composio,25742,https://github.com/ComposioHQ/composio,"Monetize AI by rapidly connecting LLM agents to 100+ **integrations**, enabling payment, analytics, CRM, commerce, and support **workflows** through secure, scalable **function-calling** enterprise revenue-driving automation."
679869950,facefusion,facefusion,25332,https://github.com/facefusion/facefusion,"Monetize **face** manipulation via **entertainment**, **advertising**, **VFX**, **AR**, **filters**, **personalization**, virtual try-ons, **SaaS**, **APIs**, creator tools, licensing, subscriptions, brand partnerships, influencer campaigns, plugin marketplace, white-label."
165041732,go-kratos,kratos,24941,https://github.com/go-kratos/kratos,"Enable rapid development of scalable **Go** microservices for **cloud-native** deployments, reducing costs and accelerating revenue through **SaaS**, **API** products, and enterprise integrations with observability, reliability"
634043200,modular,modular,24912,https://github.com/modular/modular,"Provides **high-performance** model development and **scalable inference** tooling (MAX, Mojo) to accelerate deployment, reduce inference costs, and monetize AI products via reliable, efficient, secure services."
719367888,datawhalechina,self-llm,24809,https://github.com/datawhalechina/self-llm,"Provides **Linux**-based guides to **fine-tune** (full/LORA), **deploy** LLMs/MLLMs domestically and internationally enabling monetizable **SaaS**, **apps**, and **consulting** services, training, API integration, automation, and enterprise adoption."
909213664,TauricResearch,TradingAgents,24564,https://github.com/TauricResearch/TradingAgents,"Provides multi-agent **LLM** framework to research, backtest, generate signals, and automate algorithmic trading with modular **data**, **execution**, **risk**, and monetizable **strategies** targeting retail and institutional."
656227652,CodePhiliaX,Chat2DB,24338,https://github.com/CodePhiliaX/Chat2DB,"**AI-driven** **SQL** GUI client supporting multiple databases enables rapid query generation, analytics, automation, and **SaaS** or consulting monetization through efficiency, productized integrations, and premium features."
655515393,CopilotKit,CopilotKit,24217,https://github.com/CopilotKit/CopilotKit,"Prebuilt **React** UI and scalable **infrastructure** enable rapid deployment of monetizable **AI** copilots, chatbots, and in‑app agents to boost engagement, conversions, and enterprise sales revenue."
639835356,assafelovic,gpt-researcher,23673,https://github.com/assafelovic/gpt-researcher,"Autonomous **LLM** researcher automates deep local and web research, producing long **reports** with citations to monetize via paid **subscriptions**, direct consulting, content, and licensing opportunities."
546206616,chroma-core,chroma,23644,https://github.com/chroma-core/chroma,"Open-source **vector** search and retrieval database powering low-latency **semantic** search, **embeddings**, personalized recommendations, scalable index management, and rapid **LLM** integration to monetize commercial AI products."
119190187,gitleaks,gitleaks,23466,https://github.com/gitleaks/gitleaks,"Automated **secret detection** for repositories enables monetizable **CI/CD** integrations, reduces breach costs, supports **compliance**, powers **managed security** offerings, upsells, and operational savings and revenue growth"
221654678,deepset-ai,haystack,22825,https://github.com/deepset-ai/haystack,"Build production-ready **LLM** apps with customizable pipelines, **RAG**, advanced **retrieval**, vector DBs, connectors, and agents to monetize **semantic search**, **QA**, and chatbots across industries quickly"
820087727,onlook-dev,onlook,22761,https://github.com/onlook-dev/onlook,"Monetize design-to-code workflows by enabling teams to rapidly prototype, style, and ship production-ready **React** apps with an **AI-first**, visual **builder** and extensible **plugins** for revenue."
1108837393,code-yeongyu,oh-my-opencode,22553,https://github.com/code-yeongyu/oh-my-opencode,"Monetize faster using a **batteries-included** autonomous **coding** **agent** that accelerates **prototype** development, automates **testing**, **deployment**, and boosts **developer** **productivity** for scalable revenue, drives subscription sales."
942837343,eyaltoledano,claude-task-master,22457,https://github.com/eyaltoledano/claude-task-master,"Drop-in **AI** task-management for **Cursor**, **Lovable**, **Windsurf**, and **Roo** enabling automated workflows, **analytics**, **templates**, **plugins**, **webhooks**, white-label **APIs**, low-code integrations, scalable monetization, recurring SaaS revenue"
136202695,mlflow,mlflow,22293,https://github.com/mlflow/mlflow,"Monetize AI faster by unifying **end-to-end tracking**, **observability**, **model evaluation**, **reproducibility**, experiment versioning, deployment automation, monitoring, governance, collaboration, scalable APIs, cost-optimization, and rapid productization pipelines."
631258918,sinaptik-ai,pandas-ai,22192,https://github.com/sinaptik-ai/pandas-ai,"Turn data into revenue by enabling **conversational** analytics across **SQL**, **CSV**, and **parquet** using **LLMs** and **RAG** for rapid insights, automation, and productization and growth."
828268839,NirDiamant,RAG_Techniques,22082,https://github.com/NirDiamant/RAG_Techniques,"Implements **Retrieval-Augmented Generation** patterns, reusable **RAG** pipelines, efficiency and evaluation techniques to build monetizable **search**, **chatbots**, **knowledge-bases**, and **AI-powered** products with deployment, scaling, integration automation."
935604638,Fosowl,agenticSeek,22025,https://github.com/Fosowl/agenticSeek,"Leverage a fully **local**, autonomous Manus AI that **thinks**, **browses**, and **codes** offline—enabling low-cost productization, custom automations, consulting, and privacy-focused SaaS without recurring cloud fees"
718379614,BuilderIO,gpt-crawler,21934,https://github.com/BuilderIO/gpt-crawler,"Crawls websites to build **custom GPTs** from URLs, generating searchable **knowledge files** for monetizable chatbots, support automation, and niche content products, subscription, consulting, and licensing."
198350484,microsoft,unilm,21752,https://github.com/microsoft/unilm,"Leverages **self-supervised** multimodal, multilingual pretraining to deliver adaptable **models** for rapid commercial productization, reducing labeling costs and enabling monetizable features like **summarization**, **translation**, and search."
773544702,wandb,openui,21733,https://github.com/wandb/openui,"Prototype and monetize **AI-driven** UI concepts instantly by generating live, editable interfaces for rapid validation, product demos, **no-code** workflows, integrations, and **SaaS** subscription revenue streams."
976921297,asgeirtj,system_prompts_leaks,21647,https://github.com/asgeirtj/system_prompts_leaks,"Curated extracted system prompts from top chatbots enable **prompt engineering**, **service differentiation**, fine tuning, rapid productization, **SaaS development**, and **monetizable conversational workflows** for **revenue growth**."
969302809,hesreallyhim,awesome-claude-code,21557,https://github.com/hesreallyhim/awesome-claude-code,"Curated **Claude Code** collection of **skills**, **hooks**, **slash-commands**, **agent orchestrators**, **applications**, and **plugins** enabling rapid **productization**, **integration**, and **monetization** of AI services for SaaS startups."
753490180,daytonaio,daytona,21498,https://github.com/daytonaio/daytona,"Provides **secure**, **elastic** infrastructure to run AI-generated code at scale, enabling rapid ML productization, cost-efficient autoscaling, and monetizable automation services with runtime sandboxing and auditing"
866513204,HKUDS,LightRAG,21460,https://github.com/HKUDS/LightRAG,"Lightweight **RAG** framework enabling **fast** retrieval, **low-latency** generation, easy **deployment**, and **scalable** knowledge integration to accelerate profitable **AI** products and services with minimal infrastructure costs"
634081686,mlc-ai,mlc-llm,21429,https://github.com/mlc-ai/mlc-llm,"Provides a **universal** **LLM** deployment engine using **ML** compilation to enable **cross-device** low-latency, cost-efficient, scalable inference for monetizable AI products and services plus monetization hooks."
749126547,ScrapeGraphAI,Scrapegraph-ai,21406,https://github.com/ScrapeGraphAI/Scrapegraph-ai,"AI-driven web scraper automates **data extraction**, produces structured **datasets/APIs**, enables scalable **lead generation**, price intelligence, market research, enrichment, and monetizable analytics products with integration pipelines."
633933122,datawhalechina,llm-cookbook,21248,https://github.com/datawhalechina/llm-cookbook,"Offers **LLM** tutorials, practical **examples**, deployment guides, templates, and best practices with support so developers can build commercial **AI** products, monetize services, and scale efficiently"
644235905,liguodongiot,llm-action,21111,https://github.com/liguodongiot/llm-action,"Provides **engineering**, **deployment**, fine-tuning guides, and production **templates** using reusable pipelines to accelerate productized AI, reduce operational costs, create SaaS/APIs, capture enterprise revenue, rapidly monetize."
1103012935,clawdbot,clawdbot,20881,https://github.com/clawdbot/clawdbot,"Generate revenue by deploying a **personal** AI assistant across **OS** and **platforms**, automating workflows, selling SaaS agents, offering premium integrations, consulting, and enterprise support services."
250213286,huggingface,datasets,20706,https://github.com/huggingface/datasets,"Provides **ready** **datasets**, efficient **data** **processing**, scalable **pipelines**, and community **benchmarks** to reduce engineering costs, accelerate model development, improve accuracy, and generate revenue faster, reliably."
640317662,vanna-ai,vanna,20686,https://github.com/vanna-ai/vanna,"Convert natural language to SQL using LLMs and RAG to enable **self-service** analytics, **automated** reporting, monetizable **data-driven** products, and faster decision-making for high-value enterprise integrations."
1136590548,affaan-m,everything-claude-code,20473,https://github.com/affaan-m/everything-claude-code,"Leverage battle-tested **Claude** configurations including **agents**, **skills**, **hooks**, **commands**, and **MCPs** to build revenue-generating **AI** products, automate workflows, accelerate deployment, enable enterprise integrations, reusable templates."
102692863,onnx,onnx,20020,https://github.com/onnx/onnx,"Enable **model portability**, **cross-framework deployment**, and **hardware-accelerated inference** to reduce engineering costs, speed productization, unlock **monetization**, and broaden partner and channel opportunities for enterprise customers."
570384908,huggingface,peft,19724,https://github.com/huggingface/peft,"Empower businesses with **parameter-efficient** **fine-tuning** to build customized, low-cost AI products, slashing **compute** expenses, speeding **deployment** and inference, enabling scalable **personalization** and SaaS subscription revenue"
66841911,qax-os,excelize,19679,https://github.com/qax-os/excelize,"Use **Go** library to programmatically generate, modify, and export **Excel** reports, invoices, charts, and templates for **SaaS**, automation, integrations, and monetized analytics, dashboards, workflows, licensing."
828119367,yamadashy,repomix,19445,https://github.com/yamadashy/repomix,"Package entire repositories into a single **AI-friendly** file to enable rapid **LLM** ingestion, powering paid **code-search**, automated **docs**, developer tools, enterprise integrations, and **subscription** revenue."
674075444,QwenLM,Qwen,19392,https://github.com/QwenLM/Qwen,"Monetize a high-performance **pretrained LLM** for conversational AI, fine-tuning, API deployment, and enterprise automation on **Alibaba Cloud** to build chatbots, assistants, premium services, and products."
149026292,cube-js,cube,19368,https://github.com/cube-js/cube,"Open-source **semantic layer** for **BI**, **AI**, and **embedded analytics** that accelerates building monetizable dashboards, data **APIs**, white-label reports, and scalable analytics products for rapid monetization."
676672661,langchain-ai,langgraph,19308,https://github.com/langchain-ai/langgraph,"Monetize **resilient** **language** **agents** through **graph** orchestration to automate workflows, integrate **APIs**, scale products, reduce costs, and generate recurring subscription revenue with analytics and monitoring"
1032459340,Fission-AI,OpenSpec,19233,https://github.com/Fission-AI/OpenSpec,"Enables **spec-driven** AI code assistants to automate development, ensure **quality**, accelerate **time-to-market**, standardize **compliance**, reduce **bugs**, and scale developer productivity and adoption for monetizable products."
953521037,DayuanJiang,next-ai-draw-io,19201,https://github.com/DayuanJiang/next-ai-draw-io,"Monetize an **AI-enhanced** diagramming platform by offering **automated** diagram generation, **NLP-driven** editing, template marketplaces, subscription APIs, and enterprise integration services, white-labeling, analytics, implementation, and consulting."
614325365,ymcui,Chinese-LLaMA-Alpaca,18927,https://github.com/ymcui/Chinese-LLaMA-Alpaca,"Provides **Chinese** **LLaMA**/**Alpaca** models for **local** **CPU**/**GPU** **training**, **fine-tuning**, and **deployment**, enabling self-hosted commercial apps, low-cost inference, subscriptions, enterprise integrations, and consulting, white-label services, support."
599524116,SillyTavern,SillyTavern,18840,https://github.com/SillyTavern/SillyTavern,"Offers a **customizable LLM frontend**, advanced **persona management**, plugin integration, chat automation, and extensibility to create paid chat products, SaaS subscriptions, or enterprise automation solutions."
806854629,datawhalechina,happy-llm,18609,https://github.com/datawhalechina/happy-llm,"Comprehensive LLM tutorial accelerates productization by teaching **training**, **fine-tuning**, **deployment**, **prompt engineering**, **evaluation**, and **optimization** to build monetizable AI services and apps plus **commercialization guidance**"
703411624,letta-ai,letta,18569,https://github.com/letta-ai/letta,"Build **stateful** AI **agents** with persistent **memory** that learn and **self-improve**, enabling custom automation, personalized SaaS products, and revenue streams through subscriptions, enterprise integrations, analytics."
740303686,sgl-project,sglang,18531,https://github.com/sgl-project/sglang,"Offers **fast serving** and **low-latency**, **scalable** deployment for **large language** and **vision-language** models, enabling **API monetization**, **cost-efficient inference**, enterprise-grade **multi-GPU edge integrations**, and **rapid productization**."
691347156,1Panel-dev,MaxKB,18505,https://github.com/1Panel-dev/MaxKB,"Monetize enterprise workflows by building **enterprise-grade** AI agents with customizable **knowledge-bases**, scalable **deployments**, rich **integrations**, automation, analytics, SLA-ready features, and upsell opportunities for subscription revenue."
969010919,nari-labs,dia,18489,https://github.com/nari-labs/dia,"Monetize **ultra-realistic** **TTS** dialogue in one pass for voice cloning, scalable **IVR**, audiobooks, games, ads, personalized assistants, subscription SaaS/licensing, low latency, white-label API enterprise deployments."
573661753,activepieces,activepieces,18293,https://github.com/activepieces/activepieces,"Monetize **AI agents**, **MCPs**, and scalable **automation workflows** across 400+ MCP servers by offering paid integrations, subscription services, and workflow orchestration plus SLA guarantees today."
876064934,patchy631,ai-engineering-hub,18260,https://github.com/patchy631/ai-engineering-hub,"Comprehensive **LLM**, **RAG**, and **agent** tutorials enabling fast prototyping, productization, consulting revenue, monetization strategies, and scalable AI services through reproducible patterns and deployment best practices."
79723839,teambit,bit,18249,https://github.com/teambit/bit,"Leverages **AI** development workspaces and **reusable components** to boost developer **productivity**, enable component marketplaces, accelerate time‑to‑market, reduce maintenance, and drive recurring revenue through standardized governance."
868173144,kortix-ai,suna,18211,https://github.com/kortix-ai/suna,"Open-source platform to build, manage and train **AI agents** enabling rapid **automation**, bespoke workflows and scalable **SaaS** products for monetization, consulting, enterprise integrations and deployment."
642917329,vercel,ai-chatbot,18187,https://github.com/vercel/ai-chatbot,"Deployable, **hackable** Next.js AI chatbot enabling rapid white-labeling, automated **customer-support**, scalable **lead-generation**, subscription monetization, API integrations, analytics, SaaS packaging, self-hosting options, and customizable enterprise workflows."
644461337,vercel,ai,18134,https://github.com/vercel/ai,"Leverage the **TypeScript**-first **SDK** to build revenue-generating AI applications and agents fast, enabling rapid prototyping, scalable deployment, integrations, and flexible **monetization** for SaaS, automation, marketplaces."
573631261,transitive-bullshit,agentic,17988,https://github.com/transitive-bullshit/agentic,"Convert AI endpoints into paid microservices using automated **agents**, enabling rapid **monetization**, scalable **deployment**, integrated **billing**, and repeatable revenue-generating **workflows** for SaaS startups and enterprises"
926861272,dzhng,deep-research,17831,https://github.com/dzhng/deep-research,"Monetize faster by deploying an **AI-powered** **research** **assistant** that automates iterative, search-driven **web-scraping** and **LLM** deep dives to generate product, content, and market **revenue** insights."
1004995740,winfunc,opcode,17695,https://github.com/winfunc/opcode,"Build and monetize **custom Claude Code agents**, deploy **secure background agents**, manage interactive sessions with a **GUI toolkit** for rapid **SaaS** and consulting revenue streams."
874559208,deepseek-ai,Janus,17564,https://github.com/deepseek-ai/Janus,"Leverage **multimodal** **understanding** and **generation** models to build monetizable **AI assistants**, **content creation**, **search**, **automation**, **analytics**, **personalization**, rapid **prototyping**, and **API** **licensing** for enterprises, freelancers."
81887991,microsoft,AirSim,17557,https://github.com/microsoft/AirSim,"Use **photorealistic** vehicle and drone simulation to accelerate autonomous systems development, reduce testing costs, monetize **ML** models, and offer **HIL**, sensor, and commercial training services."
780737106,SWE-agent,SWE-agent,17496,https://github.com/SWE-agent/SWE-agent,"Automates GitHub issue fixing using **large language models**, enabling monetizable offerings: **developer productivity** enterprise SaaS platform, **bug-bounty** automation, **security testing**, and paid coding challenge services."
627480054,eosphoros-ai,DB-GPT,17400,https://github.com/eosphoros-ai/DB-GPT,"Rapidly build revenue-generating AI data apps with **AWEL** agentic workflows, **Agents**, scalable **data integration**, automated **querying**, **analytics**, subscription-ready **monetization**, enterprise-ready deployment, secure low-code prototyping tools."
979115477,bytedance,deer-flow,17284,https://github.com/bytedance/deer-flow,"Leverage this **community-driven** deep research framework combining **language models**, **web search**, **web crawling**, and **Python execution** to build **monetizable** AI research, automation, and **SaaS** products."
776908852,browserbase,stagehand,17266,https://github.com/browserbase/stagehand,"Automates browsers to deliver scalable **web scraping**, **automation**, and **testing** capabilities, enabling rapid data extraction, workflow orchestration, monetizable pipelines, APIs, and SaaS products, subscription revenue."
596516907,arc53,DocsGPT,17140,https://github.com/arc53/DocsGPT,"Monetize tailored AI solutions using a **private** platform with **Agent-Builder**, deep **research**, **document-analysis**, **multi-model** inference, **API** connectivity, subscriptions, enterprise integrations, paid agents, services"
888887358,Max-Eee,NeoPass,17108,https://github.com/Max-Eee/NeoPass,"Leverages **exam-prep** automation, **analytics**, and student-focused features to create subscription, tutoring, or licensing revenue streams while targeting high-demand online learning markets, scalable with low costs"
854807707,NirDiamant,GenAI_Agents,17095,https://github.com/NirDiamant/GenAI_Agents,"Comprehensive **Generative AI** agent tutorials and implementations accelerate building **interactive**, **autonomous** systems to monetize via **SaaS**, **automation**, **productization**, **licensing**, **consulting**, **training**, **support**, **integration services**, **sales**."
839037098,mastra-ai,mastra,16975,https://github.com/mastra-ai/mastra,"Monetize scalable **TypeScript** AI products by building customizable **AI agents**, **Assistants**, and **RAG** workflows with **observability**, supporting GPT-4, Claude, Gemini, Llama integrations for rapid monetization."
826170402,elizaOS,eliza,16924,https://github.com/elizaOS/eliza,"Enables building **autonomous agents** and orchestration for monetizable **SaaS**, automating workflows, integrating **APIs**, scaling virtual staff, reducing costs, increasing recurring revenue, and improving retention quickly."
640182997,TransformerOptimus,SuperAGI,16758,https://github.com/TransformerOptimus/SuperAGI,"Build and monetize **autonomous agents** rapidly, reliably using this **developer-first** framework with integrations, task orchestration, scalable deployment, monitoring, and automation to create revenue-generating AI products."
169975410,leon-ai,leon,16694,https://github.com/leon-ai/leon,"Self-hosted open-source assistant powering custom chatbots, voice UIs, automation and integrations, enabling monetization through paid SaaS, enterprise deployments, white-label products, subscriptions, and support, consulting services"
642497346,langfuse,langfuse,16677,https://github.com/langfuse/langfuse,"Open-source platform offering **LLM observability**, **metrics**, **evals**, **prompt management**, **playground**, **datasets**, and **integrations** to accelerate commercial LLM product rapid iteration, analytics, and scalable revenue growth."
130430977,kubesphere,kubesphere,16633,https://github.com/kubesphere/kubesphere,"Enables **Kubernetes** native **multi-cloud**, **edge**, and **datacenter** management with built-in **multi-tenant**, **CI/CD**, **observability**, and **self-service** tooling to monetize infrastructure via subscriptions as managed platform offerings."
627561173,mlc-ai,web-llm,16575,https://github.com/mlc-ai/web-llm,"Enables **in-browser** LLM inference for **low-latency**, **privacy-preserving**, **offline** AI, cutting server costs, scaling SaaS, powering premium real-time personalization and paid features, driving conversions and recurring-revenue"
476314415,AccumulateMore,CV,16339,https://github.com/AccumulateMore/CV,"Comprehensive **deep learning** notes (PyTorch, MXNet, Andrew Ng, Agents) enabling rapid prototyping, deployment, and monetization of **AI products** and **services** for startups, consulting, and enterprise"
821372392,HandsOnLLM,Hands-On-Large-Language-Models,16115,https://github.com/HandsOnLLM/Hands-On-Large-Language-Models,"Practical code, tutorials, and templates for **fine-tuning**, **RAG**, **prompt-engineering**, and **deployment** to build, monetize, and productize LLM-powered services and applications, including evaluation, monitoring, and SDKs."
1016323751,google,langextract,16037,https://github.com/google/langextract,"Leverages **LLMs** to extract **structured** data from unstructured text with precise **grounding** and **visualization**, accelerating productization, workflows, and recurring **monetization** at scale for analytics insights."
615113749,mayooear,ai-pdf-chatbot-langchain,16025,https://github.com/mayooear/ai-pdf-chatbot-langchain,"Deploy a **PDF chatbot** agent using **LangChain**/**LangGraph** to monetize document search, automate **customer support**, offer paid **SaaS**, insights, lead-generation APIs, subscription models, analytics pipelines integrations."
545814405,camenduru,stable-diffusion-webui-colab,15939,https://github.com/camenduru/stable-diffusion-webui-colab,"Monetize **Stable Diffusion** using **Colab** web UI for rapid **image generation**, **custom models**, client commissions, print-on-demand, subscriptions, **API** integration, white-label services, and marketplace sales globally."
912559512,simstudioai,sim,15793,https://github.com/simstudioai/sim,"Build and monetize **AI agent** workflows via **no-code** orchestration, seamless **integrations**, scalable **deployment**, API access, automation, analytics, and reusable components for rapid go-to-market, revenue growth."
817326197,mediar-ai,screenpipe,15723,https://github.com/mediar-ai/screenpipe,"Monetize **24/7** desktop **screen** and **mic** histories through a 100% **local**, developer-friendly **AI** app store to sell insights, apps, and analytics, subscriptions, consulting, integrations directly."
931352845,linshenkx,prompt-optimizer,15704,https://github.com/linshenkx/prompt-optimizer,"Optimizes and generates **high-quality prompts** to improve AI outputs, accelerating productization, reducing iteration cost, enabling scalable **prompt engineering** services and monetization across industries and teams."
750678695,xming521,WeClone,15562,https://github.com/xming521/WeClone,"Monetize chat history by **fine-tune** LLMs into a **digital avatar** chatbot that powers **personalized assistants**, automated support, subscription sales, and new scalable **recurring** revenue streams."
914316754,Alibaba-NLP,DeepResearch,15242,https://github.com/Alibaba-NLP/DeepResearch,"Leverage this **open-source** **deep research agent** to automate model experimentation, integrate custom pipelines, scale inference, and accelerate **monetization** via products and services, subscription APIs, licensing"
539888500,Infrasys-AI,AISystem,15225,https://github.com/Infrasys-AI/AISystem,"Monetize **AI chips**, **AI compiler**, and **inference/training frameworks** by offering high-performance, cost-efficient products, licensing, deployment tools, edge solutions, support, consulting, maintenance, SaaS integration, and services."
225260962,udecode,plate,15192,https://github.com/udecode/plate,"Monetize extensible **rich-text** editing by leveraging **AI** integrations, modular **MCP** plugins and **shadcn/ui** components to launch SaaS, plugins, enterprise features, white-label analytics subscriptions APIs."
1010681419,shareAI-lab,learn-claude-code,15176,https://github.com/shareAI-lab/learn-claude-code,"Provides concise **Bash**-based **Claude** code (16-line) enabling rapid prototyping, low-cost **automation**, scalable API integration, reusable **templates**, and monetization paths for AI SaaS subscription, consulting, products."
946380199,openai,openai-agents-python,15151,https://github.com/openai/openai-agents-python,"Build **multi-agent** workflows to automate complex tasks, orchestrate LLMs and tools, accelerate feature delivery, reduce costs, and monetize via **SaaS**, APIs, marketplaces, and partner networks."
957658915,humanlayer,12-factor-agents,15148,https://github.com/humanlayer/12-factor-agents,"Guides to build production-grade LLM applications with **scalability**, **observability**, robust testing, deployment patterns, cost controls, prompt engineering, safety, and operational practices that enable reliable monetization."
964395174,dyad-sh,dyad,15106,https://github.com/dyad-sh/dyad,"Build and monetize **local**, **open-source** AI apps quickly with self-hosted customizable components, preserving user privacy for premium enterprise deployments and paid recurring developer subscription services."
299832860,livekit,livekit,15009,https://github.com/livekit/livekit,"Provides **realtime** low-latency **video** and **voice** infrastructure, scalable **SDKs**, server tooling, and moderation to build monetizable AI-powered interactions, services, commerce, with subscription models and analytics."
633262635,onyx-dot-app,onyx,15006,https://github.com/onyx-dot-app/onyx,"Open-source AI chat platform supporting every LLM with **advanced** **features** and integrations, analytics, extensibility to build paid products, subscription services, enterprise deployments, and monetized bots."
83878269,iterative,dvc,14929,https://github.com/iterative/dvc,"Enables reproducible **data versioning**, scalable **ML experiment tracking**, collaborative **pipeline automation**, and cost-effective **model deployment** to accelerate productization, monetize **ML**, and quickly drive sustainable revenue."
620458878,xcanwin,KeepChatGPT,14897,https://github.com/xcanwin/KeepChatGPT,"Helps monetize ChatGPT by delivering **data security**, **session persistence**, **privacy**, auto-refresh, audit controls, conversation cloning, tracker-blocking, **analytics**, and enterprise-grade scalability, robust uptime, compliance, and trust"
1048065319,thedotmack,claude-mem,14882,https://github.com/thedotmack/claude-mem,"Provides **automated** capture and **AI compression** of developer sessions, injecting **context** for faster onboarding, improved productivity, knowledge retention, and monetizable developer workflows, reduced support costs."
222824662,dagger,dagger,14766,https://github.com/dagger/dagger,"Open-source **runtime** for composable workflows enabling scalable **AI agents**, automated **CI/CD** pipelines, reproducible builds, integrations, and cost-efficient orchestration, subscription revenue to monetize automation and services."
668122773,LlamaFamily,Llama-Chinese,14708,https://github.com/LlamaFamily/Llama-Chinese,"Provides a **中文** **Llama** ecosystem aggregating **学习资料**, tools, and **开源** **可商用** large-model resources, enabling rapid productization, fine-tuning, and monetizable AI services, commercial deployments and support."
764723738,Skyvern-AI,skyvern,14503,https://github.com/Skyvern-AI/skyvern,"Use **LLMs** and **Computer Vision** to automate browser-based workflows, delivering scalable **RPA**, data extraction, automated testing, customer support, and monetizable lead-generation/process automation for SaaS apps."
709538270,plandex-ai,plandex,14499,https://github.com/plandex-ai/plandex,"Open-source **AI coding agent** for large-scale, real-world projects that automates development, accelerates delivery, reduces costs, and enables scalable **productization** and **consulting** revenue, plus **SaaS** models."
698288684,llmware-ai,llmware,14449,https://github.com/llmware-ai/llmware,"Drive revenue by deploying a **unified** enterprise platform to build efficient **RAG** pipelines with **small** specialized **models**, enabling scalable, low-cost AI-powered products and monetized services."
1025856648,wshobson,agents,14373,https://github.com/wshobson/agents,"Offers **production-ready** subagents for **Claude Code**, accelerating creation of monetizable AI workflows, automation, SaaS integrations, and white-label products to drive revenue with analytics and orchestration."
903700733,ahmedkhaleel2004,gitdiagram,14365,https://github.com/ahmedkhaleel2004/gitdiagram,"Convert any GitHub repository into fast, free **interactive diagrams** that improve **documentation**, streamline developer **onboarding**, power embeddable demos and enable paid **SaaS** integrations and analytics."
638951438,comet-ml,opik,14347,https://github.com/comet-ml/opik,"Drive revenue by using **debug**, **evaluate**, and **monitor** capabilities for **LLMs**, **RAG** setups and **agents**, with **tracing**, automated evaluations, and production **dashboards** to boost monetization."
99919302,apache,doris,14340,https://github.com/apache/doris,"Use **OLAP**, **real-time** analytics, and **scalability** to deliver low-latency BI, ad-hoc queries, data products, and monetizable insights for enterprise customers with connectors and cost-effective operations"
73964895,botpress,botpress,14238,https://github.com/botpress/botpress,"Rapidly build, deploy, and monetize **GPT/LLM agents** with an open-source, extensible platform offering **integrations**, **analytics**, automation, multi-channel deployment, and scalable enterprise customization, white-label monetization tools."
987670088,charmbracelet,crush,13975,https://github.com/charmbracelet/crush,"**AI** coding agent for your **terminal** that automates developer workflows, generates code, integrates plugins, and boosts productivity to directly monetize developer tooling and CLI-based services"
575321313,langbot-app,LangBot,13645,https://github.com/langbot-app/LangBot,"Build monetizable **AI chatbots** across **QQ**, **Discord**, **WeChat**, **Telegram**, and **Slack** using integrated **LLMs**, **RAG**, agents, workflows, automation, subscriptions, payments, analytics for scalable revenue growth."
715427466,SawyerHood,draw-a-ui,13555,https://github.com/SawyerHood/draw-a-ui,"Create quick **mockups** and automatically generate clean **HTML** and **CSS** exports for rapid prototyping, enabling freelancers and startups to monetize design-to-code services and landing pages"
783829247,elder-plinius,L1B3RT4S,13530,https://github.com/elder-plinius/L1B3RT4S,"Curated **prompt templates** and **jailbreak-style** instructions to unlock creative AI behaviors for scalable **content generation**, rapid prototyping, monetized services, and growth-focused consulting, subscription or agency."
106087444,electerm,electerm,13498,https://github.com/electerm/electerm,"Leverage this cross-platform **terminal** and multi-protocol **SSH/SFTP/FTP/RDP/VNC** client to sell managed access, plugins, white-labeling, training, subscriptions, consulting, enterprise support, automation, and integrations, monitoring, compliance, SLAs."
953683578,oraios,serena,13466,https://github.com/oraios/serena,"Monetize developer productivity with a **coding-agent** toolkit providing **semantic retrieval**, **automated editing**, **MCP server** deployment and extensible **integrations** for AI-driven SaaS. subscriptions, enterprise, or consulting."
958830659,google,adk-python,13378,https://github.com/google/adk-python,"Accelerate monetization by building, evaluating, and deploying **AI agents** with flexible, code-first **Python** tools for scalable automation, productizing services, integrating **LLMs**, analytics, pipelines, APIs, sales."
1003143578,NirDiamant,agents-towards-production,13369,https://github.com/NirDiamant/agents-towards-production,"Provides **production-grade** GenAI **agent** blueprints, end-to-end deployment patterns, reusable pipelines, and scaling playbooks to accelerate product launches, rapid MVPs, CI/CD pipelines, monitoring, and revenue generation."
181436799,alibaba,MNN,13183,https://github.com/alibaba/MNN,"Monetize mobile and embedded solutions using a **blazing** and **lightweight** deep-learning framework enabling fast **edge** inference, Android **LLM** apps, and local **3D** avatars for monetization."
946087422,Kilo-Org,kilocode,13146,https://github.com/Kilo-Org/kilocode,"Monetize rapid product development by leveraging its **agentic** coding **automation**, massive **developer** community, high **token** throughput, and **open-source** extensibility for enterprise integrations via subscription products."
641205268,jujumilk3,leaked-system-prompts,13083,https://github.com/jujumilk3/leaked-system-prompts,"Curated leaked system prompts repository accelerates **prompting**, supports **fine-tuning**, provides reusable **chatbots**, enables rapid prototyping, and creates recurring monetizable products, services, and enterprise automation pipelines."
108102826,carla-simulator,carla,13078,https://github.com/carla-simulator/carla,"Open-source **simulator** enabling realistic **autonomous driving** scenarios, synthetic **sensor data**, automated **labeling**, scalable **testing** and rapid **prototyping** to monetize AV development and reduce R&D costs"
742244656,agentscope-ai,agentscope,12841,https://github.com/agentscope-ai/agentscope,"Enables **agent-oriented** LLM applications with **orchestration**, **automation**, plugin extensibility, rapid prototyping, enterprise integrations, reusable components, and **scalability**, accelerating productization, operational efficiency, and new **monetization** channels."
541798154,Unstructured-IO,unstructured,12810,https://github.com/Unstructured-IO/unstructured,"Turn complex documents into **structured data** with an open-source **ETL** pipeline offering **chunking**, **enrichments**, **embeddings**, and production-ready workflow capabilities to monetize LLM applications at scale."
636372163,Lightning-AI,litgpt,12807,https://github.com/Lightning-AI/litgpt,"Leverage **20+ high-performance LLMs**, reproducible **pretraining** and **finetuning** recipes, scalable **deployment** tooling and inference **pipelines** to monetize AI products and enterprise services profitably at scale."
336274588,PaddlePaddle,PaddleNLP,12785,https://github.com/PaddlePaddle/PaddleNLP,"Monetize AI products quickly using **LLMs**, **SLMs**, and an extensive **model zoo** for fine‑tuning, deployment, inference optimization, and enterprise NLP solutions plus scalable API hosting"
758197374,emcie-co,parlant,12726,https://github.com/emcie-co/parlant,"Provides **LLM agents** for **real-world** task control, enabling rapid, **deployed-in-minutes** automation, enterprise **integrations**, scalable workflows, and monetizable operational efficiency and new recurring AI revenue streams."
818331198,pydantic,pydantic-ai,12725,https://github.com/pydantic/pydantic-ai,"Rapidly build, validate, and deploy **GenAI agents** with **Pydantic**-driven schemas, automated **validation**, multi-provider **API** integrations, observability, and reusable components to monetize AI workflows at scale."
762303728,n8n-io,self-hosted-ai-starter-kit,12657,https://github.com/n8n-io/self-hosted-ai-starter-kit,"Open-source **self-hosted** AI starter kit enables rapid, scalable deployment of **secure** local **workflows**, integrates with **n8n**, lowers costs and unlocks recurring subscription-based privacy-compliant revenue streams"
895942941,coderamp-labs,gitingest,12647,https://github.com/coderamp-labs/gitingest,"Converts GitHub URLs into **prompt-friendly** codebase **extracts** for rapid **GPT** driven analysis, enabling **automation**, faster onboarding, recurring revenue from sellable tools and scalable **SaaS** workflows."
572570113,triggerdotdev,trigger.dev,12513,https://github.com/triggerdotdev/trigger.dev,"Accelerate revenue by building and deploying **AI agents** and **workflows** with **fully managed**, scalable infrastructure, rich **integrations**, **event-driven automation**, and **product monetization** and **customer acquisition**"
642608852,ShishirPatil,gorilla,12449,https://github.com/ShishirPatil/gorilla,"Enables **training** and **evaluating** LLMs for reliable **function**/**tool** calls, accelerating **integration**, **automation**, fine-tuning, benchmarking, and productized **API** monetization, revenue streams, subscription/SaaS routing, robustness, latency optimization"
726082384,wasp-lang,open-saas,12446,https://github.com/wasp-lang/open-saas,"Open-source **SaaS** starter accelerates monetizable **React/Node.js** products with built-in **authentication**, **billing**, multi-tenant support, admin UI, analytics, extensible templates for rapid revenue, subscription management, and growth."
636787031,eugeneyan,open-llms,12425,https://github.com/eugeneyan/open-llms,"Curated **open LLMs** for **commercial use**, enabling rapid **model selection**, significant **cost savings**, reduced licensing risk, faster productization, simplified compliance, and scalable fine-tuning/inference deployment options."
17420614,seleniumbase,SeleniumBase,12401,https://github.com/seleniumbase/SeleniumBase,"Leverage **web automation**, **testing**, and **scraping** with bot-detection bypass to create SaaS products, data services, QA automation, and automated lead-generation revenue streams for enterprise growth."
575865240,AstrBotDevs,AstrBot,12361,https://github.com/AstrBotDevs/AstrBot,"Monetize **multichannel** LLM chatbots by deploying **white-label** **MCP** servers, integrated **knowledge-base**, connectors to **OpenAI** and other models, enabling subscriptions, consulting, analytics and automation for scaling"
1024118326,Tencent,WeKnora,12326,https://github.com/Tencent/WeKnora,"Monetize enterprise data by deploying **LLM-powered** deep-document understanding, **semantic** retrieval, and **RAG** pipelines delivering context-aware answers, search, automated workflows for sales, compliance, support, and analytics."
509949415,willwulfken,MidJourney-Styles-and-Keywords-Reference,12249,https://github.com/willwulfken/MidJourney-Styles-and-Keywords-Reference,"Comprehensive **Styles** and **Keywords** reference for **MidJourney**, enabling faster, higher-quality image creation, prompt optimization, and scalable visual assets to monetize design services as recurring offerings"
771350543,Canner,WrenAI,12156,https://github.com/Canner/WrenAI,"Turn **natural-language** queries into precise **SQL**, instant **charts**, and AI **insights** to sell dashboards, analytics services, data-product subscriptions, and workflow **automation**, white-label solutions, recurring revenue."
497512032,zai-org,CogVideo,11968,https://github.com/zai-org/CogVideo,"Transforms text and images into videos, powering **content creation**, **ads**, **social media**, **SaaS video products**, **marketing**, **e-learning**, and fast **product prototyping** for monetization and scale."
648629873,puckeditor,puck,11960,https://github.com/puckeditor/puck,"Use a visual **AI** page builder to launch **no-code** websites and **SaaS** products quickly, selling templates, subscriptions, and agency implementation services for scalable revenue growth."
618613272,h2oai,h2ogpt,11927,https://github.com/h2oai/h2ogpt,"Run a **private**, **local** GPT to monetize secure, on-premise **document**, **image**, and **video** search and chat integrations using **oLLaMa**, **Mixtral**, and **llama.cpp** with **Apache 2.0**."
502863191,xszyou,Fay,11892,https://github.com/xszyou/Fay,"**Fay** supplies an **MCP** framework to integrate **digital-humans** (2.5D/3D/mobile/PC/web) and **LLMs** (OpenAI, Deepseek) with enterprise **business-systems**, enabling rapid scalable predictable revenue automation and customer engagement."
613731840,RUCAIBox,LLMSurvey,11852,https://github.com/RUCAIBox/LLMSurvey,"Comprehensive **survey** of **LLMs** offering centralized **benchmarks**, **architecture** comparisons, use-case analyses, and research insights to accelerate productization, differentiation, and **monetization** strategies for startups and researchers"
629749002,bentoml,OpenLLM,11824,https://github.com/bentoml/OpenLLM,"Self-host and **deploy** open-source **LLMs** as **OpenAI**-compatible **APIs** to enable scalable **inference**, private **fine-tuning**, dramatic **cost** savings and direct **monetization** via SaaS, subscriptions and licensing."
812975380,agent0ai,agent-zero,11823,https://github.com/agent0ai/agent-zero,"Open-source **modular AI** framework for building **autonomous agents**, enabling **workflow automation**, API connectors, custom skills and rapid **SaaS** productization, subscription revenue to monetize AI services."
812044182,googleapis,genai-toolbox,11745,https://github.com/googleapis/genai-toolbox,"Open-source **MCP** server connects **databases** to **embeddings** and **vector-search**, enabling AI-driven features, faster productization, reduced costs, and scalable **revenue** through **monetization**, subscription, usage-based, and enterprise-licensing."
286301447,neuml,txtai,11657,https://github.com/neuml/txtai,"Integrate **semantic search**, **LLM orchestration**, and language-model **workflows** to power monetizable products—search-driven SaaS, automated support, content generation, and analytics for faster revenue and lower costs."
636693030,GoogleCloudPlatform,generative-ai,11657,https://github.com/GoogleCloudPlatform/generative-ai,"Provides **sample code**, **notebooks**, and **Gemini** on **Vertex AI** to build scalable **generative AI** products, enabling automated content, personalization, and rapid monetization on Google Cloud."
1004147641,microsoft,agent-lightning,11598,https://github.com/microsoft/agent-lightning,"Rapidly trains, evaluates, and deploys modular AI agents with orchestration, **scaling**, monitoring, and customizable pipelines to accelerate productization, reduce costs, and drive **new recurring revenue**."
163346054,ludwig-ai,ludwig,11596,https://github.com/ludwig-ai/ludwig,"Enable rapid, low-code development and deployment of **custom LLMs** and **neural networks** to build monetizable AI products, reduce engineering costs, and accelerate time-to-market and scaling."
959473422,The-Pocket,PocketFlow-Tutorial-Codebase-Knowledge,11548,https://github.com/The-Pocket/PocketFlow-Tutorial-Codebase-Knowledge,"Offers **model-compression** tutorials and production-ready **codebase** to build efficient **deep-learning** models, lowering inference costs, accelerating **edge-deployment**, and enabling monetizable AI services for startups and enterprises"
590604203,TheR1D,shell_gpt,11407,https://github.com/TheR1D/shell_gpt,"**CLI** tool using **GPT-4** to automate shell tasks, boost developer productivity, enable paid **automation** scripts, white‑label integrations, **SaaS** workflows, and subscription-based enterprise support revenue opportunities."
478710402,T8RIN,ImageToolbox,11367,https://github.com/T8RIN/ImageToolbox,"Leverage **advanced image manipulation**, **filters**, **OCR**, and extensive **image-processing** tools to build monetizable products: SaaS, automation, white‑label services, and API integrations for agencies and marketplaces."
607013954,GreyDGL,PentestGPT,11171,https://github.com/GreyDGL/PentestGPT,"Provides an **automated** **agentic** penetration testing framework using **LLMs** to accelerate scalable vulnerability discovery, reporting, and monetizable security assessments, enabling subscriptions and bug‑bounty integrations sales."
872119017,D4Vinci,Scrapling,11034,https://github.com/D4Vinci/Scrapling,"Leverage **adaptive web scraping** to extract, normalize, and scale **data pipelines**, enabling automated **lead generation**, competitive intelligence, pricing optimization, cost reduction, efficiency, and recurring revenue."
999030842,GeeeekExplorer,nano-vllm,11004,https://github.com/GeeeekExplorer/nano-vllm,"Lightweight **vLLM** runtime enabling **low-latency**, **cost-efficient** model inference, easy **API** integration, scalable deployment, and rapid **prototyping** for monetizable AI products reducing infra costs, accelerating launch."
931892749,GLips,Figma-Context-MCP,10988,https://github.com/GLips/Figma-Context-MCP,"Provides a **Figma** layout API to feed **AI** coding agents, enabling faster **prototype-to-code** workflows, improved developer productivity, and new paid **integration** and **SaaS** revenue streams."
942756187,ConardLi,easy-dataset,10987,https://github.com/ConardLi/easy-dataset,"Automate creation, validation, and scaling of **fine-tuning** **datasets** for **LLMs**, accelerating custom-model deployments, reducing costs, enabling paid dataset products, recurring revenue, and monetized fine-tuning services."
637924634,explodinggradients,ragas,10944,https://github.com/explodinggradients/ragas,"Provides automated **LLM** **evaluation** pipelines, benchmarking, prompt and dataset orchestration, metrics tracking, and workflows to optimize models, reduce costs, and monetize applications to drive revenue."
975318071,AsyncFuncAI,deepwiki-open,10941,https://github.com/AsyncFuncAI/deepwiki-open,"Builds **AI**-powered searchable **documentation** for code repositories, enabling **SaaS** docs, paid onboarding, premium support, knowledge products, developer **adoption**, and recurring revenue via analytics and automation."
881171866,WEIFENG2333,VideoCaptioner,10831,https://github.com/WEIFENG2333/VideoCaptioner,"Monetize videos by offering **AI-powered** captioning, automated **transcription**, precise **segmentation**, error **correction**, and multilingual **translation** for scalable subtitling, accessibility, and localization services, driving premium subscriptions."
156332497,codota,TabNine,10806,https://github.com/codota/TabNine,"**AI**-driven **code** completion that accelerates developer productivity, reduces hiring costs, integrates with IDEs, supports multiple languages, enables enterprise licensing, and boosts product delivery velocity directly."
142422739,google,dopamine,10804,https://github.com/google/dopamine,"Leverage **fast prototyping** and **reinforcement learning** tools to accelerate product experimentation, reduce R&D cycles, and monetize AI-driven agents and analytics across industries and platforms profitably."
660489378,microsoft,promptflow,10786,https://github.com/microsoft/promptflow,"Accelerate building, monetizing, and scaling **LLM** applications through visual **prototyping**, robust **testing**, seamless **deployment**, production **monitoring**, connectors, versioning, and observability, automation, analytics, cost reduction, revenue"
613984283,Chainlit,chainlit,10780,https://github.com/Chainlit/chainlit,"Rapidly build **conversational AI** products with customizable **chat UI**, easy **LLM** integrations, analytics, orchestration, and deployment tools to monetize via SaaS, services, or licensing models."
942867788,elder-plinius,CL4R1T4S,10673,https://github.com/elder-plinius/CL4R1T4S,"Leaked **system prompts** for top **AI models** enable rapid **prompt engineering**, actionable **competitive insights**, productized services, training, and monetization via consulting, templates, and automation platforms."
944976593,tadata-org,fastapi_mcp,10621,https://github.com/tadata-org/fastapi_mcp,"Turn existing **FastAPI** endpoints into authenticated **MCP** tools to securely monetize APIs, enable paid **plugins**, SaaS integrations, subscription billing, and enterprise tool marketplaces with analytics."
673596675,FlagOpen,FlagEmbedding,10612,https://github.com/FlagOpen/FlagEmbedding,"Leverages **embedding**-based **retrieval** and **RAG** pipelines to power scalable semantic search, knowledge augmentation, and paid AI services like chatbot subscriptions, SaaS APIs and enterprise search."
949662713,opencode-ai,opencode,10531,https://github.com/opencode-ai/opencode,"Terminal-first **AI** coding agent automates development tasks, generates, refactors, and tests code, integrates with **CI/CD** and CLI workflows to accelerate delivery, reduce costs, monetize services."
627727693,axolotl-ai-cloud,axolotl,10520,https://github.com/axolotl-ai-cloud/axolotl,"Open-source **LLM** fine-tuning and evaluation toolkit that accelerates building, deploying, and monetizing conversational AI products via scalable **deployment**, **inference**, and dataset pipelines for rapid revenue."
656264456,langchain4j,langchain4j,10491,https://github.com/langchain4j/langchain4j,"Enables rapid monetization of Java AI apps by unifying **LLMs**, **vector** **databases**, **RAG**, **tool** **calling** (including **MCP**), production-ready **agents**, and enterprise framework integration support capabilities."
697302510,mistralai,mistral-inference,10484,https://github.com/mistralai/mistral-inference,"Production-ready **inference** library enabling fast, scalable deployment of **Mistral** models for **SaaS**, API monetization, enterprise automation, cost-optimized **GPU** serving, white-label analytics integrations support and customization."
69269563,go-vgo,robotgo,10452,https://github.com/go-vgo/robotgo,"Leverage **RPA** and **GUI** automation with a native **Go** toolkit to build bots, streamline workflows, cut costs, and create rapidly scalable monetizable automation revenue streams."
1106663535,Anionex,banana-slides,10443,https://github.com/Anionex/banana-slides,"**AI-native** PPT generator automating slide creation from **templates**, **assets**, prompts or outlines; supports **voice-edits**, bulk production and one-click **editable-PPT** export to monetize faster for agencies."
832452447,web-infra-dev,midscene,10402,https://github.com/web-infra-dev/midscene,"Provides an AI-driven **automation** and **testing** operator for Web and Android, enabling rapid **workflow** orchestration, scalable CI/CD integration, cost reduction, and faster monetizable feature delivery."
781261349,microsoft,RD-Agent,10395,https://github.com/microsoft/RD-Agent,"Automates **R&D workflows** and **model lifecycle** to accelerate productization, lower development costs, scale AI teams, and monetize **data-driven** ML capabilities through reusable pipelines and automation."
86031674,wandb,wandb,10377,https://github.com/wandb/wandb,"Leverage **experiment tracking**, **model management**, and visualization to accelerate ML development, improve model performance, streamline deployment with reproducibility and collaboration, and monetize AI products faster."
829640443,tensorzero,tensorzero,10361,https://github.com/tensorzero/tensorzero,"Leverage an open-source industrial-grade stack with **LLM** **gateway**, **observability**, **optimization**, **evaluation**, and **experimentation** to deploy faster, reduce costs, scale, and monetize enterprise LLM services profitably."
1130564872,koala73,worldmonitor,10296,https://github.com/koala73/worldmonitor,"Monetize an **AI-powered** real-time **news-aggregation**, **geopolitical-monitoring**, and **infrastructure-tracking** dashboard by selling subscriptions, enterprise risk intelligence, trading signals, consulting, white-label APIs, custom alerts, and premium reports."
926709003,bytebot-ai,bytebot,10275,https://github.com/bytebot-ai/bytebot,"Monetize **automation**, **AI**, and productivity by deploying a self-hosted desktop agent to automate workflows, sell integrations, offer customization, and provide managed services and recurring revenue."
1033778670,iOfficeAI,AionUi,10209,https://github.com/iOfficeAI/AionUi,"Self-hosted **open-source** UI integrating multiple **LLM** CLIs like Gemini, Claude, Codex, Qwen, and more, enabling prototyping, self-hosting, and monetization through **SaaS**, paid support, and plugins."
1032808806,usestrix,strix,10202,https://github.com/usestrix/strix,"Automated **AI** penetration-testing agents accelerate scalable vulnerability discovery to monetize via managed **SaaS** offerings, enterprise integrations, compliance tooling, training, bug-bounty services, licensing, consulting, automation, support"
1025381911,MemoriLabs,Memori,10202,https://github.com/MemoriLabs/Memori,"Provides **SQL-native** memory layer for **LLMs**, enabling scalable, persistent **memory**, efficient retrieval, agent orchestration, and enterprise-grade knowledge services and analytics you can monetize via APIs/subscriptions."
652712035,lyogavin,airllm,10194,https://github.com/lyogavin/airllm,"Enables **70B** LLM inference on a single **4GB** GPU, unlocking fast low-cost **edge** deployment, API monetization, lightweight **SaaS**, and reduced **infrastructure** costs for rapid productization."
673412924,modelscope,ms-swift,10166,https://github.com/modelscope/ms-swift,"Offers **PEFT** and **Full-parameter** fine-tuning across 500+ **LLMs** and 200+ **MLLMs**, enabling fast, scalable productization, customization, and monetization of AI solutions for enterprises and startups."
815634288,tambo-ai,tambo,10164,https://github.com/tambo-ai/tambo,"Use the Generative UI SDK to build **AI-powered** React interfaces, accelerating product launches, enabling **white-label** SaaS, recurring monetizable **chatbots**, automated content, and rapid developer customization."
958531089,VectifyAI,PageIndex,10150,https://github.com/VectifyAI/PageIndex,"Provides **vectorless RAG** via **reasoning-based document indexing**, enabling cost-efficient, scalable knowledge retrieval to monetize search, support, FAQs, subscriptions, analytics, automation, sales, onboarding, compliance, and retention."
1141782198,jamiepine,voicebox,10148,https://github.com/jamiepine/voicebox,"Open-source **voice synthesis** studio powered by **Qwen3-TTS**, enabling rapid **custom voices**, **multilingual** output, scalable **API** integration and direct monetization via products, services, or SDK licensing."
824301644,cheahjs,free-llm-api-resources,10146,https://github.com/cheahjs/free-llm-api-resources,"Monetize rapidly using a curated list of **free LLM APIs** to prototype low-cost AI products, enable scalable inference, and launch **SaaS**, integrations, and paid apps."
1084802670,NoFxAiOS,nofx,10129,https://github.com/NoFxAiOS/nofx,Self-hosted **Trading OS** ingesting **market data** with a pluggable **AI brain** for automated **trade execution** across **multi-exchange** venues to monetize strategies with backtesting and analytics.
1131513930,ZhuLinsen,daily_stock_analysis,10116,https://github.com/ZhuLinsen/daily_stock_analysis,"Monetize an **LLM driven** **A/H/US stock** analyzer providing **multi-source market data**, **real-time news**, a **Gemini decision dashboard**, and **multi-channel push** for paid signals, subscription services."
633927609,promptfoo,promptfoo,10086,https://github.com/promptfoo/promptfoo,"**Prompt** and **RAG** testing, **red‑teaming** plus **vulnerability** scanning across **GPT**, **Claude**, **Gemini**, **Llama** enables **CI/CD**-driven model monetization by improving reliability, compliance, performance, and go-to-market speed."
925270205,trycua,cua,10068,https://github.com/trycua/cua,"Provides sandboxed SDKs and benchmarks to train desktop-controlling AI agents across macOS, Linux, Windows, enabling **automation**, **SaaS**, **RPA**, **integration**, and **agent-driven** productization for monetizable workflows."
603085008,huggingface,chat-ui,10065,https://github.com/huggingface/chat-ui,"Open-source **chat UI** for production-ready **LLM integrations**, offering **customizable**, **embeddable** frontend, analytics hooks and extension points to rapidly build monetizable AI assistants and SaaS platforms."
681566005,google,magika,10064,https://github.com/google/magika,"Leverage **fast** and **accurate** AI **file-type detection** to automate routing, prevent breaches, power analytics, and create subscription, compliance, and search monetization streams for enterprise customers."
1081397957,toon-format,toon,10049,https://github.com/toon-format/toon,"Adopt **TOON** to halve prompt tokens, **reduce API costs**, accelerate throughput, integrate via **TypeScript SDK**, leverage **benchmarks** for optimized, scalable LLM deployments, and increase revenue."
811675345,zoicware,RemoveWindowsAI,10041,https://github.com/zoicware/RemoveWindowsAI,"Enables bulk **removal** of Windows 11 **Copilot**, **Recall**, and AI components to offer privacy-focused compliance, cost-saving, and managed OS-hardening services to enterprise and reseller clients."
835975784,MODSetter,SurfSense,10030,https://github.com/MODSetter/SurfSense,"Open-source AI assistant aggregating **Search Engines**, **Slack**, **Jira**, **Notion**, **YouTube**, **GitHub** and more to enable monetizable **research**, **customer support**, **automation**, **insights**, boosting **productivity** and **revenue**."
1000362065,github,awesome-copilot,10028,https://github.com/github/awesome-copilot,"Curated **prompts**, **configurations**, and templates accelerate code generation, enabling faster product launches, service offerings, developer training, and monetizable automation to significantly boost revenue and productivity."
1052050442,datawhalechina,hello-agents,10018,https://github.com/datawhalechina/hello-agents,"Hands-on tutorial and code for building intelligent agents, enabling entrepreneurs to **prototype**, **productize**, and **monetize** agent-powered automation, SaaS, consulting, training and deployments with commercial-ready examples"
991431142,Olow304,memvid,10017,https://github.com/Olow304/memvid,"Monetize scalable **video** libraries as **AI** memory by storing millions of text chunks in MP4s for lightning-fast **semantic** **search**, eliminating databases and lowering operational costs."
911303109,MotiaDev,motia,10017,https://github.com/MotiaDev/motia,"Unify **APIs**, **background** jobs, **workflows**, and **AI** **Agents** with built-in **observability** and **state** **management** to rapidly build scalable, monetizable multi-language backends reducing time-to-market and costs"
908589694,Zackriya-Solutions,meetily,10017,https://github.com/Zackriya-Solutions/meetily,"Privacy-first self-hosted AI meeting assistant offering **4x** faster live transcription, **speaker** diarization, and **local** summarization, built in Rust, enabling monetization through enterprise on-prem subscriptions, white-labeling"
817354652,TEN-framework,ten-framework,10014,https://github.com/TEN-framework/ten-framework,"Open-source **conversational voice AI** framework enabling rapid creation, deployment, telephony integration, analytics, and **monetization** of intelligent voice agents for enterprise and consumer recurring revenue"
679343504,topoteretes,cognee,10008,https://github.com/topoteretes/cognee,"Provides **lightweight memory** for AI agents in six lines, enabling **context persistence**, lower API costs, faster development, personalized experiences, and paths to monetizable AI products."
1001452682,bytedance,trae-agent,10006,https://github.com/bytedance/trae-agent,"Provides an **LLM-driven** developer **agent** automating code generation, refactoring, testing, and CI integration to accelerate delivery, reduce costs, and create **monetizable** tooling services and platforms."
622352364,simonw,llm,10003,https://github.com/simonw/llm,"Use the **CLI** to access multiple **LLMs**, enabling rapid **prototyping**, automated content and API workflows, lowering costs and accelerating fast **monetization** through scalable AI solutions."
926252103,Mail-0,Zero,10003,https://github.com/Mail-0/Zero,"Open-source Mail0 provides **privacy** and **safety** focused email with **self-hosting**, enabling monetization via **enterprise** subscriptions, **managed** hosting, **premium** features, **support**, and **integrations** for businesses today"
838659679,codexu,note-gen,10003,https://github.com/codexu/note-gen,"Monetize a cross-platform **AI** **Markdown** note-taking app via subscription, templates marketplace, enterprise **collaboration**, integrations, automation, export features, analytics, and premium productivity plugins, white-label API support."
682080300,Portkey-AI,gateway,10003,https://github.com/Portkey-AI/gateway,"Monetize secure AI services rapidly with a **blazing-fast** gateway routing to **200+LLMs**, enforcing **50+guardrails**, offering a single scalable **API** for compliant integrations and cutting costs."
910418754,nanobrowser,nanobrowser,10001,https://github.com/nanobrowser/nanobrowser,"Monetize automated browsing with a **Chrome** **extension** that runs **AI**-driven multi-agent **workflows** using your **LLM API**, enabling scalable **lead-gen**, scraping, customer outreach systems, and automation."
684031003,dataelement,bisheng,10001,https://github.com/dataelement/bisheng,"Drive revenue quickly by delivering enterprise AI products with **GenAI** workflows, **RAG**, **Agents**, unified **model** management, evaluation, **SFT**, dataset management, observability, and system governance controls."
736272311,pipecat-ai,pipecat,10001,https://github.com/pipecat-ai/pipecat,"Open-source **voice** and **multimodal** conversational AI framework enabling rapid **productization**, scalable **voice apps**, turnkey **SaaS** products, API **integrations**, subscription **monetization**, analytics, and growth funnel optimization."
665613753,elie222,inbox-zero,10001,https://github.com/elie222/inbox-zero,"Leverages **AI**-driven **email** automation and **productivity** workflows as an open-source **personal assistant** platform you can monetize via subscriptions, integrations, and enterprise deployments, white-label sales channels."
609539715,e2b-dev,E2B,10000,https://github.com/e2b-dev/E2B,"Monetize an **open source**, **secure** platform providing enterprise grade agent frameworks and real-world tools to build, scale, integrate, and sell commercial automation and SaaS solutions."
998732712,yichuan-w,LEANN,10000,https://github.com/yichuan-w/LEANN,"Leverages **RAG** with **97%** storage savings, enabling **fast**, **accurate**, **100%private**, **on-device** RAG deployments to monetize privacy-focused enterprise search, assistants, subscriptions, SDK licensing, premium apps sales."
917437058,openai,openai-realtime-agents,6471,https://github.com/openai/openai-realtime-agents,"Demonstrates building **Realtime**-powered autonomous **agents** to monetize via virtual **assistants**, workflow **automations**, analytics, premium **SaaS** integrations, subscription features, developer APIs for rapid prototyping and scaling."
